-- MySQL dump 10.13  Distrib 5.7.17, for Linux (x86_64)
--
-- Host: localhost    Database: arsip
-- ------------------------------------------------------
-- Server version	5.5.5-10.2.8-MariaDB-10.2.8+maria~xenial-log

/*!40101 SET @OLD_CHARACTER_SET_CLIENT=@@CHARACTER_SET_CLIENT */;
/*!40101 SET @OLD_CHARACTER_SET_RESULTS=@@CHARACTER_SET_RESULTS */;
/*!40101 SET @OLD_COLLATION_CONNECTION=@@COLLATION_CONNECTION */;
/*!40101 SET NAMES utf8 */;
/*!40103 SET @OLD_TIME_ZONE=@@TIME_ZONE */;
/*!40103 SET TIME_ZONE='+00:00' */;
/*!40014 SET @OLD_UNIQUE_CHECKS=@@UNIQUE_CHECKS, UNIQUE_CHECKS=0 */;
/*!40014 SET @OLD_FOREIGN_KEY_CHECKS=@@FOREIGN_KEY_CHECKS, FOREIGN_KEY_CHECKS=0 */;
/*!40101 SET @OLD_SQL_MODE=@@SQL_MODE, SQL_MODE='NO_AUTO_VALUE_ON_ZERO' */;
/*!40111 SET @OLD_SQL_NOTES=@@SQL_NOTES, SQL_NOTES=0 */;

--
-- Table structure for table `admin`
--

DROP TABLE IF EXISTS `admin`;
/*!40101 SET @saved_cs_client     = @@character_set_client */;
/*!40101 SET character_set_client = utf8 */;
CREATE TABLE `admin` (
  `id` int(11) NOT NULL AUTO_INCREMENT,
  `name` varchar(255) NOT NULL,
  `adminid` varchar(8) NOT NULL,
  `password` text NOT NULL,
  `role` tinyint(1) DEFAULT 1,
  `remember_token` text DEFAULT NULL,
  `created_at` timestamp NOT NULL DEFAULT current_timestamp(),
  `updated_at` timestamp NOT NULL DEFAULT current_timestamp() ON UPDATE current_timestamp(),
  PRIMARY KEY (`id`)
) ENGINE=InnoDB AUTO_INCREMENT=2 DEFAULT CHARSET=latin1;
/*!40101 SET character_set_client = @saved_cs_client */;

--
-- Dumping data for table `admin`
--

LOCK TABLES `admin` WRITE;
/*!40000 ALTER TABLE `admin` DISABLE KEYS */;
INSERT INTO `admin` VALUES (1,'Patar Siahaan','admin1','$2y$10$RHgvNEmncgT.8m42ysKlceOTyHlTgCZkJl7qYCbGx26ASh7hdgi06',1,'Xnxn9ezK3PVntdLH32byFIqBAzR0NEsV8R35tKh5HyQxVQhFyFbuxCl2FBqB','2017-08-29 07:01:25','2017-09-03 02:08:44');
/*!40000 ALTER TABLE `admin` ENABLE KEYS */;
UNLOCK TABLES;

--
-- Table structure for table `filesubmission`
--

DROP TABLE IF EXISTS `filesubmission`;
/*!40101 SET @saved_cs_client     = @@character_set_client */;
/*!40101 SET character_set_client = utf8 */;
CREATE TABLE `filesubmission` (
  `id` int(11) NOT NULL AUTO_INCREMENT,
  `report_id` int(11) NOT NULL,
  `created_at` timestamp NOT NULL DEFAULT current_timestamp(),
  `updated_at` timestamp NOT NULL DEFAULT current_timestamp() ON UPDATE current_timestamp(),
  `handledby` int(11) NOT NULL,
  PRIMARY KEY (`id`),
  KEY `filesubmission_report` (`report_id`),
  KEY `filesubmission_admin` (`handledby`),
  CONSTRAINT `filesubmission_admin` FOREIGN KEY (`handledby`) REFERENCES `admin` (`id`),
  CONSTRAINT `filesubmission_report` FOREIGN KEY (`report_id`) REFERENCES `report` (`id`)
) ENGINE=InnoDB AUTO_INCREMENT=11 DEFAULT CHARSET=latin1;
/*!40101 SET character_set_client = @saved_cs_client */;

--
-- Dumping data for table `filesubmission`
--

LOCK TABLES `filesubmission` WRITE;
/*!40000 ALTER TABLE `filesubmission` DISABLE KEYS */;
INSERT INTO `filesubmission` VALUES (1,221,'2017-09-10 04:51:44','2017-09-10 04:51:44',1),(2,222,'2017-09-10 04:51:56','2017-09-10 04:51:56',1),(3,223,'2017-09-10 05:12:22','2017-09-10 05:12:22',1),(5,224,'2017-09-10 05:13:48','2017-09-10 05:13:48',1),(6,225,'2017-09-10 05:15:18','2017-09-10 05:15:18',1),(7,6,'2017-09-10 05:18:48','2017-09-10 05:18:48',1),(8,3,'2017-09-10 05:19:06','2017-09-10 05:19:06',1),(9,4,'2017-09-10 05:20:32','2017-09-10 05:20:32',1),(10,5,'2017-09-10 05:21:05','2017-09-10 05:21:05',1);
/*!40000 ALTER TABLE `filesubmission` ENABLE KEYS */;
UNLOCK TABLES;

--
-- Table structure for table `loanfile`
--

DROP TABLE IF EXISTS `loanfile`;
/*!40101 SET @saved_cs_client     = @@character_set_client */;
/*!40101 SET character_set_client = utf8 */;
CREATE TABLE `loanfile` (
  `id` int(11) NOT NULL AUTO_INCREMENT,
  `filesubmission_id` int(11) NOT NULL,
  `created_at` timestamp NOT NULL DEFAULT current_timestamp(),
  `updated_at` timestamp NOT NULL DEFAULT current_timestamp() ON UPDATE current_timestamp(),
  `handledby` int(11) NOT NULL,
  PRIMARY KEY (`id`),
  KEY `loanfile_filesubmission` (`filesubmission_id`),
  KEY `loanfile_admin` (`handledby`),
  CONSTRAINT `loanfile_admin` FOREIGN KEY (`handledby`) REFERENCES `admin` (`id`),
  CONSTRAINT `loanfile_filesubmission` FOREIGN KEY (`filesubmission_id`) REFERENCES `filesubmission` (`id`)
) ENGINE=InnoDB AUTO_INCREMENT=7 DEFAULT CHARSET=latin1;
/*!40101 SET character_set_client = @saved_cs_client */;

--
-- Dumping data for table `loanfile`
--

LOCK TABLES `loanfile` WRITE;
/*!40000 ALTER TABLE `loanfile` DISABLE KEYS */;
INSERT INTO `loanfile` VALUES (1,1,'2017-09-10 04:51:46','2017-09-10 04:51:46',1),(2,5,'2017-09-10 05:13:50','2017-09-10 05:13:50',1),(3,3,'2017-09-10 05:14:02','2017-09-10 05:14:02',1),(4,6,'2017-09-10 05:15:20','2017-09-10 05:15:20',1),(5,8,'2017-09-10 05:21:07','2017-09-10 05:21:07',1),(6,9,'2017-09-10 05:21:09','2017-09-10 05:21:09',1);
/*!40000 ALTER TABLE `loanfile` ENABLE KEYS */;
UNLOCK TABLES;

--
-- Table structure for table `paket`
--

DROP TABLE IF EXISTS `paket`;
/*!40101 SET @saved_cs_client     = @@character_set_client */;
/*!40101 SET character_set_client = utf8 */;
CREATE TABLE `paket` (
  `id` int(11) NOT NULL AUTO_INCREMENT,
  `title` text NOT NULL,
  `ismultiyears` tinyint(1) NOT NULL,
  `startyear` int(11) NOT NULL,
  `isactive` tinyint(1) DEFAULT 1,
  `admin_id` int(11) NOT NULL,
  `created_at` timestamp NOT NULL DEFAULT current_timestamp(),
  `updated_at` timestamp NOT NULL DEFAULT current_timestamp() ON UPDATE current_timestamp(),
  `yearsofwork` int(11) NOT NULL,
  `endyear` int(11) NOT NULL,
  `ppk_id` int(11) DEFAULT NULL,
  PRIMARY KEY (`id`),
  KEY `paket_admin` (`admin_id`),
  KEY `paket_ppk` (`ppk_id`),
  CONSTRAINT `paket_admin` FOREIGN KEY (`admin_id`) REFERENCES `admin` (`id`),
  CONSTRAINT `paket_ppk` FOREIGN KEY (`ppk_id`) REFERENCES `ppk` (`id`)
) ENGINE=InnoDB AUTO_INCREMENT=4 DEFAULT CHARSET=latin1;
/*!40101 SET character_set_client = @saved_cs_client */;

--
-- Dumping data for table `paket`
--

LOCK TABLES `paket` WRITE;
/*!40000 ALTER TABLE `paket` DISABLE KEYS */;
INSERT INTO `paket` VALUES (1,'Prereservasi Rehabilitasi Jalan SP.Ujung Aji - Kabanjahe - Panji',1,2017,1,1,'2017-09-10 01:50:15','2017-09-10 01:50:15',2,2018,NULL),(2,'Preservasi Rehabilitasi Jalan Sei Mangke - Kuala Tanjung',0,2017,1,1,'2017-09-10 01:52:26','2017-09-10 01:52:26',1,2017,NULL),(3,'Preservasi Rehabilitasi Jalan Kisaran - Tanjung Balai - BTS. Kota Rantau Prapat',1,2015,1,1,'2017-09-10 03:20:15','2017-09-10 03:20:15',3,2017,NULL);
/*!40000 ALTER TABLE `paket` ENABLE KEYS */;
UNLOCK TABLES;

--
-- Table structure for table `ppk`
--

DROP TABLE IF EXISTS `ppk`;
/*!40101 SET @saved_cs_client     = @@character_set_client */;
/*!40101 SET character_set_client = utf8 */;
CREATE TABLE `ppk` (
  `id` int(11) NOT NULL AUTO_INCREMENT,
  `ppkid` varchar(255) NOT NULL,
  `name` varchar(255) NOT NULL,
  `admin_id` int(11) NOT NULL,
  `created_at` timestamp NOT NULL DEFAULT current_timestamp(),
  `updated_at` timestamp NOT NULL DEFAULT current_timestamp() ON UPDATE current_timestamp(),
  `isactive` tinyint(1) DEFAULT 1,
  `year` varchar(4) NOT NULL,
  PRIMARY KEY (`id`),
  KEY `ppk_admin` (`admin_id`),
  CONSTRAINT `ppk_admin` FOREIGN KEY (`admin_id`) REFERENCES `admin` (`id`)
) ENGINE=InnoDB AUTO_INCREMENT=5 DEFAULT CHARSET=latin1;
/*!40101 SET character_set_client = @saved_cs_client */;

--
-- Dumping data for table `ppk`
--

LOCK TABLES `ppk` WRITE;
/*!40000 ALTER TABLE `ppk` DISABLE KEYS */;
INSERT INTO `ppk` VALUES (2,'PPK01','Robert Pangaribuan, ST',1,'2017-09-04 12:17:20','2017-09-04 12:29:56',1,'2017'),(3,'PPK02','Dicky Hula Parlindungan Pasaribu, ST, MT',1,'2017-09-04 12:19:34','2017-09-04 12:19:34',1,'2017'),(4,'PPK03','Sri Nanda Hasian Harahap, ST',1,'2017-09-04 12:36:03','2017-09-04 12:36:03',1,'2016');
/*!40000 ALTER TABLE `ppk` ENABLE KEYS */;
UNLOCK TABLES;

--
-- Table structure for table `ppkappointment`
--

DROP TABLE IF EXISTS `ppkappointment`;
/*!40101 SET @saved_cs_client     = @@character_set_client */;
/*!40101 SET character_set_client = utf8 */;
CREATE TABLE `ppkappointment` (
  `id` int(11) NOT NULL AUTO_INCREMENT,
  `paket_id` int(11) NOT NULL,
  `ppk_id` int(11) NOT NULL,
  `created_at` timestamp NOT NULL DEFAULT current_timestamp(),
  `updated_at` timestamp NOT NULL DEFAULT current_timestamp() ON UPDATE current_timestamp(),
  `year` int(11) NOT NULL,
  PRIMARY KEY (`id`),
  KEY `ppkappointment_paket` (`paket_id`),
  KEY `ppkappoinment_ppk` (`ppk_id`),
  CONSTRAINT `ppkappoinment_ppk` FOREIGN KEY (`ppk_id`) REFERENCES `ppk` (`id`),
  CONSTRAINT `ppkappointment_paket` FOREIGN KEY (`paket_id`) REFERENCES `paket` (`id`)
) ENGINE=InnoDB DEFAULT CHARSET=latin1;
/*!40101 SET character_set_client = @saved_cs_client */;

--
-- Dumping data for table `ppkappointment`
--

LOCK TABLES `ppkappointment` WRITE;
/*!40000 ALTER TABLE `ppkappointment` DISABLE KEYS */;
/*!40000 ALTER TABLE `ppkappointment` ENABLE KEYS */;
UNLOCK TABLES;

--
-- Table structure for table `reloanfile`
--

DROP TABLE IF EXISTS `reloanfile`;
/*!40101 SET @saved_cs_client     = @@character_set_client */;
/*!40101 SET character_set_client = utf8 */;
CREATE TABLE `reloanfile` (
  `id` int(11) NOT NULL AUTO_INCREMENT,
  `loanfile_id` int(11) NOT NULL,
  `created_at` timestamp NOT NULL DEFAULT current_timestamp(),
  `updated_at` timestamp NOT NULL DEFAULT current_timestamp() ON UPDATE current_timestamp(),
  `handledby` int(11) NOT NULL,
  PRIMARY KEY (`id`),
  KEY `reloanfile_loanfile` (`loanfile_id`),
  KEY `reloanfile_admin` (`handledby`),
  CONSTRAINT `reloanfile_admin` FOREIGN KEY (`handledby`) REFERENCES `admin` (`id`),
  CONSTRAINT `reloanfile_loanfile` FOREIGN KEY (`loanfile_id`) REFERENCES `loanfile` (`id`)
) ENGINE=InnoDB AUTO_INCREMENT=6 DEFAULT CHARSET=latin1;
/*!40101 SET character_set_client = @saved_cs_client */;

--
-- Dumping data for table `reloanfile`
--

LOCK TABLES `reloanfile` WRITE;
/*!40000 ALTER TABLE `reloanfile` DISABLE KEYS */;
INSERT INTO `reloanfile` VALUES (1,1,'2017-09-10 04:51:48','2017-09-10 04:51:48',1),(2,2,'2017-09-10 05:13:52','2017-09-10 05:13:52',1),(3,3,'2017-09-10 05:14:04','2017-09-10 05:14:04',1),(4,5,'2017-09-10 05:21:11','2017-09-10 05:21:11',1),(5,4,'2017-09-14 12:07:15','2017-09-14 12:07:15',1);
/*!40000 ALTER TABLE `reloanfile` ENABLE KEYS */;
UNLOCK TABLES;

--
-- Table structure for table `report`
--

DROP TABLE IF EXISTS `report`;
/*!40101 SET @saved_cs_client     = @@character_set_client */;
/*!40101 SET character_set_client = utf8 */;
CREATE TABLE `report` (
  `id` int(11) NOT NULL AUTO_INCREMENT,
  `subpaket_id` int(11) NOT NULL,
  `reportparam_id` int(11) NOT NULL,
  `created_at` timestamp NOT NULL DEFAULT current_timestamp(),
  `updated_at` timestamp NOT NULL DEFAULT current_timestamp() ON UPDATE current_timestamp(),
  `title` varchar(255) NOT NULL,
  `isfilesubmitted` tinyint(1) DEFAULT 0,
  `isavailable` tinyint(1) DEFAULT 0,
  PRIMARY KEY (`id`),
  KEY `report_subpaket` (`subpaket_id`),
  KEY `report_reportparam` (`reportparam_id`),
  CONSTRAINT `report_reportparam` FOREIGN KEY (`reportparam_id`) REFERENCES `reportparam` (`id`),
  CONSTRAINT `report_subpaket` FOREIGN KEY (`subpaket_id`) REFERENCES `subpaket` (`id`)
) ENGINE=InnoDB AUTO_INCREMENT=331 DEFAULT CHARSET=latin1;
/*!40101 SET character_set_client = @saved_cs_client */;

--
-- Dumping data for table `report`
--

LOCK TABLES `report` WRITE;
/*!40000 ALTER TABLE `report` DISABLE KEYS */;
INSERT INTO `report` VALUES (1,1,1,'2017-09-10 01:50:15','2017-09-10 04:51:38','Utama',0,0),(2,1,2,'2017-09-10 01:50:15','2017-09-10 04:51:38','Utama',0,0),(3,2,3,'2017-09-10 01:50:15','2017-09-10 05:21:14','MC1',1,1),(4,2,4,'2017-09-10 01:50:15','2017-09-10 05:21:09','MC1',1,0),(5,2,5,'2017-09-10 01:50:15','2017-09-10 05:21:05','MC1',1,1),(6,3,3,'2017-09-10 01:50:15','2017-09-10 05:18:48','MC1',1,1),(7,3,4,'2017-09-10 01:50:15','2017-09-10 01:50:15','MC1',0,0),(8,3,5,'2017-09-10 01:50:15','2017-09-10 01:50:15','MC1',0,0),(9,2,3,'2017-09-10 01:50:15','2017-09-10 01:50:15','MC2',0,0),(10,2,4,'2017-09-10 01:50:15','2017-09-10 01:50:15','MC2',0,0),(11,2,5,'2017-09-10 01:50:15','2017-09-10 01:50:15','MC2',0,0),(12,3,3,'2017-09-10 01:50:15','2017-09-10 01:50:15','MC2',0,0),(13,3,4,'2017-09-10 01:50:15','2017-09-10 01:50:15','MC2',0,0),(14,3,5,'2017-09-10 01:50:15','2017-09-10 01:50:15','MC2',0,0),(15,2,3,'2017-09-10 01:50:15','2017-09-10 01:50:15','MC3',0,0),(16,2,4,'2017-09-10 01:50:15','2017-09-10 01:50:15','MC3',0,0),(17,2,5,'2017-09-10 01:50:15','2017-09-10 01:50:15','MC3',0,0),(18,3,3,'2017-09-10 01:50:15','2017-09-10 01:50:15','MC3',0,0),(19,3,4,'2017-09-10 01:50:15','2017-09-10 01:50:15','MC3',0,0),(20,3,5,'2017-09-10 01:50:15','2017-09-10 01:50:15','MC3',0,0),(21,2,3,'2017-09-10 01:50:15','2017-09-10 01:50:15','MC4',0,0),(22,2,4,'2017-09-10 01:50:15','2017-09-10 01:50:15','MC4',0,0),(23,2,5,'2017-09-10 01:50:15','2017-09-10 01:50:15','MC4',0,0),(24,3,3,'2017-09-10 01:50:15','2017-09-10 01:50:15','MC4',0,0),(25,3,4,'2017-09-10 01:50:15','2017-09-10 01:50:15','MC4',0,0),(26,3,5,'2017-09-10 01:50:15','2017-09-10 01:50:15','MC4',0,0),(27,2,3,'2017-09-10 01:50:15','2017-09-10 01:50:15','MC5',0,0),(28,2,4,'2017-09-10 01:50:15','2017-09-10 01:50:15','MC5',0,0),(29,2,5,'2017-09-10 01:50:15','2017-09-10 01:50:15','MC5',0,0),(30,3,3,'2017-09-10 01:50:15','2017-09-10 01:50:15','MC5',0,0),(31,3,4,'2017-09-10 01:50:15','2017-09-10 01:50:15','MC5',0,0),(32,3,5,'2017-09-10 01:50:15','2017-09-10 01:50:15','MC5',0,0),(33,2,3,'2017-09-10 01:50:15','2017-09-10 01:50:15','MC6',0,0),(34,2,4,'2017-09-10 01:50:15','2017-09-10 01:50:15','MC6',0,0),(35,2,5,'2017-09-10 01:50:15','2017-09-10 01:50:15','MC6',0,0),(36,3,3,'2017-09-10 01:50:15','2017-09-10 01:50:15','MC6',0,0),(37,3,4,'2017-09-10 01:50:15','2017-09-10 01:50:15','MC6',0,0),(38,3,5,'2017-09-10 01:50:15','2017-09-10 01:50:15','MC6',0,0),(39,2,3,'2017-09-10 01:50:15','2017-09-10 01:50:15','MC7',0,0),(40,2,4,'2017-09-10 01:50:15','2017-09-10 01:50:15','MC7',0,0),(41,2,5,'2017-09-10 01:50:15','2017-09-10 01:50:15','MC7',0,0),(42,3,3,'2017-09-10 01:50:15','2017-09-10 01:50:15','MC7',0,0),(43,3,4,'2017-09-10 01:50:15','2017-09-10 01:50:15','MC7',0,0),(44,3,5,'2017-09-10 01:50:15','2017-09-10 01:50:15','MC7',0,0),(45,2,3,'2017-09-10 01:50:15','2017-09-10 01:50:15','MC8',0,0),(46,2,4,'2017-09-10 01:50:15','2017-09-10 01:50:15','MC8',0,0),(47,2,5,'2017-09-10 01:50:15','2017-09-10 01:50:15','MC8',0,0),(48,3,3,'2017-09-10 01:50:15','2017-09-10 01:50:15','MC8',0,0),(49,3,4,'2017-09-10 01:50:15','2017-09-10 01:50:15','MC8',0,0),(50,3,5,'2017-09-10 01:50:15','2017-09-10 01:50:15','MC8',0,0),(51,2,3,'2017-09-10 01:50:15','2017-09-10 01:50:15','MC9',0,0),(52,2,4,'2017-09-10 01:50:15','2017-09-10 01:50:15','MC9',0,0),(53,2,5,'2017-09-10 01:50:15','2017-09-10 01:50:15','MC9',0,0),(54,3,3,'2017-09-10 01:50:15','2017-09-10 01:50:15','MC9',0,0),(55,3,4,'2017-09-10 01:50:15','2017-09-10 01:50:15','MC9',0,0),(56,3,5,'2017-09-10 01:50:15','2017-09-10 01:50:15','MC9',0,0),(57,2,3,'2017-09-10 01:50:15','2017-09-10 01:50:15','MC10',0,0),(58,2,4,'2017-09-10 01:50:15','2017-09-10 01:50:15','MC10',0,0),(59,2,5,'2017-09-10 01:50:15','2017-09-10 01:50:15','MC10',0,0),(60,3,3,'2017-09-10 01:50:15','2017-09-10 01:50:15','MC10',0,0),(61,3,4,'2017-09-10 01:50:15','2017-09-10 01:50:15','MC10',0,0),(62,3,5,'2017-09-10 01:50:15','2017-09-10 01:50:15','MC10',0,0),(63,2,3,'2017-09-10 01:50:15','2017-09-10 01:50:15','MC11',0,0),(64,2,4,'2017-09-10 01:50:15','2017-09-10 01:50:15','MC11',0,0),(65,2,5,'2017-09-10 01:50:15','2017-09-10 01:50:15','MC11',0,0),(66,3,3,'2017-09-10 01:50:15','2017-09-10 01:50:15','MC11',0,0),(67,3,4,'2017-09-10 01:50:15','2017-09-10 01:50:15','MC11',0,0),(68,3,5,'2017-09-10 01:50:15','2017-09-10 01:50:15','MC11',0,0),(69,2,3,'2017-09-10 01:50:15','2017-09-10 01:50:15','MC12',0,0),(70,2,4,'2017-09-10 01:50:15','2017-09-10 01:50:15','MC12',0,0),(71,2,5,'2017-09-10 01:50:15','2017-09-10 01:50:15','MC12',0,0),(72,3,3,'2017-09-10 01:50:15','2017-09-10 01:50:15','MC12',0,0),(73,3,4,'2017-09-10 01:50:15','2017-09-10 01:50:15','MC12',0,0),(74,3,5,'2017-09-10 01:50:15','2017-09-10 01:50:15','MC12',0,0),(75,2,3,'2017-09-10 01:50:15','2017-09-10 01:50:15','MC13',0,0),(76,2,4,'2017-09-10 01:50:15','2017-09-10 01:50:15','MC13',0,0),(77,2,5,'2017-09-10 01:50:15','2017-09-10 01:50:15','MC13',0,0),(78,3,3,'2017-09-10 01:50:15','2017-09-10 01:50:15','MC13',0,0),(79,3,4,'2017-09-10 01:50:15','2017-09-10 01:50:15','MC13',0,0),(80,3,5,'2017-09-10 01:50:15','2017-09-10 01:50:15','MC13',0,0),(81,2,3,'2017-09-10 01:50:15','2017-09-10 01:50:15','MC14',0,0),(82,2,4,'2017-09-10 01:50:15','2017-09-10 01:50:15','MC14',0,0),(83,2,5,'2017-09-10 01:50:15','2017-09-10 01:50:15','MC14',0,0),(84,3,3,'2017-09-10 01:50:15','2017-09-10 01:50:15','MC14',0,0),(85,3,4,'2017-09-10 01:50:15','2017-09-10 01:50:15','MC14',0,0),(86,3,5,'2017-09-10 01:50:15','2017-09-10 01:50:15','MC14',0,0),(87,2,3,'2017-09-10 01:50:15','2017-09-10 01:50:15','MC15',0,0),(88,2,4,'2017-09-10 01:50:15','2017-09-10 01:50:15','MC15',0,0),(89,2,5,'2017-09-10 01:50:15','2017-09-10 01:50:15','MC15',0,0),(90,3,3,'2017-09-10 01:50:15','2017-09-10 01:50:15','MC15',0,0),(91,3,4,'2017-09-10 01:50:15','2017-09-10 01:50:15','MC15',0,0),(92,3,5,'2017-09-10 01:50:15','2017-09-10 01:50:15','MC15',0,0),(93,2,3,'2017-09-10 01:50:15','2017-09-10 01:50:15','MC16',0,0),(94,2,4,'2017-09-10 01:50:15','2017-09-10 01:50:15','MC16',0,0),(95,2,5,'2017-09-10 01:50:15','2017-09-10 01:50:15','MC16',0,0),(96,3,3,'2017-09-10 01:50:15','2017-09-10 01:50:15','MC16',0,0),(97,3,4,'2017-09-10 01:50:15','2017-09-10 01:50:15','MC16',0,0),(98,3,5,'2017-09-10 01:50:15','2017-09-10 01:50:15','MC16',0,0),(99,2,3,'2017-09-10 01:50:15','2017-09-10 01:50:15','MC17',0,0),(100,2,4,'2017-09-10 01:50:15','2017-09-10 01:50:15','MC17',0,0),(101,2,5,'2017-09-10 01:50:15','2017-09-10 01:50:15','MC17',0,0),(102,3,3,'2017-09-10 01:50:15','2017-09-10 01:50:15','MC17',0,0),(103,3,4,'2017-09-10 01:50:15','2017-09-10 01:50:15','MC17',0,0),(104,3,5,'2017-09-10 01:50:15','2017-09-10 01:50:15','MC17',0,0),(105,2,3,'2017-09-10 01:50:15','2017-09-10 01:50:15','MC18',0,0),(106,2,4,'2017-09-10 01:50:15','2017-09-10 01:50:15','MC18',0,0),(107,2,5,'2017-09-10 01:50:15','2017-09-10 01:50:15','MC18',0,0),(108,3,3,'2017-09-10 01:50:15','2017-09-10 01:50:15','MC18',0,0),(109,3,4,'2017-09-10 01:50:15','2017-09-10 01:50:15','MC18',0,0),(110,3,5,'2017-09-10 01:50:15','2017-09-10 01:50:15','MC18',0,0),(111,2,3,'2017-09-10 01:50:15','2017-09-10 01:50:15','MC19',0,0),(112,2,4,'2017-09-10 01:50:15','2017-09-10 01:50:15','MC19',0,0),(113,2,5,'2017-09-10 01:50:15','2017-09-10 01:50:15','MC19',0,0),(114,3,3,'2017-09-10 01:50:15','2017-09-10 01:50:15','MC19',0,0),(115,3,4,'2017-09-10 01:50:15','2017-09-10 01:50:15','MC19',0,0),(116,3,5,'2017-09-10 01:50:15','2017-09-10 01:50:15','MC19',0,0),(117,2,3,'2017-09-10 01:50:15','2017-09-10 01:50:15','MC20',0,0),(118,2,4,'2017-09-10 01:50:15','2017-09-10 01:50:15','MC20',0,0),(119,2,5,'2017-09-10 01:50:15','2017-09-10 01:50:15','MC20',0,0),(120,3,3,'2017-09-10 01:50:15','2017-09-10 01:50:15','MC20',0,0),(121,3,4,'2017-09-10 01:50:15','2017-09-10 01:50:15','MC20',0,0),(122,3,5,'2017-09-10 01:50:15','2017-09-10 01:50:15','MC20',0,0),(123,2,3,'2017-09-10 01:50:15','2017-09-10 01:50:15','MC21',0,0),(124,2,4,'2017-09-10 01:50:15','2017-09-10 01:50:15','MC21',0,0),(125,2,5,'2017-09-10 01:50:15','2017-09-10 01:50:15','MC21',0,0),(126,3,3,'2017-09-10 01:50:15','2017-09-10 01:50:15','MC21',0,0),(127,3,4,'2017-09-10 01:50:15','2017-09-10 01:50:15','MC21',0,0),(128,3,5,'2017-09-10 01:50:15','2017-09-10 01:50:15','MC21',0,0),(129,2,3,'2017-09-10 01:50:15','2017-09-10 01:50:15','MC22',0,0),(130,2,4,'2017-09-10 01:50:15','2017-09-10 01:50:15','MC22',0,0),(131,2,5,'2017-09-10 01:50:15','2017-09-10 01:50:15','MC22',0,0),(132,3,3,'2017-09-10 01:50:15','2017-09-10 01:50:15','MC22',0,0),(133,3,4,'2017-09-10 01:50:15','2017-09-10 01:50:15','MC22',0,0),(134,3,5,'2017-09-10 01:50:15','2017-09-10 01:50:15','MC22',0,0),(135,2,3,'2017-09-10 01:50:15','2017-09-10 01:50:15','MC23',0,0),(136,2,4,'2017-09-10 01:50:15','2017-09-10 01:50:15','MC23',0,0),(137,2,5,'2017-09-10 01:50:15','2017-09-10 01:50:15','MC23',0,0),(138,3,3,'2017-09-10 01:50:15','2017-09-10 01:50:15','MC23',0,0),(139,3,4,'2017-09-10 01:50:15','2017-09-10 01:50:15','MC23',0,0),(140,3,5,'2017-09-10 01:50:15','2017-09-10 01:50:15','MC23',0,0),(141,2,3,'2017-09-10 01:50:15','2017-09-10 01:50:15','MC24',0,0),(142,2,4,'2017-09-10 01:50:15','2017-09-10 01:50:15','MC24',0,0),(143,2,5,'2017-09-10 01:50:15','2017-09-10 01:50:15','MC24',0,0),(144,3,3,'2017-09-10 01:50:15','2017-09-10 01:50:15','MC24',0,0),(145,3,4,'2017-09-10 01:50:15','2017-09-10 01:50:15','MC24',0,0),(146,3,5,'2017-09-10 01:50:15','2017-09-10 01:50:15','MC24',0,0),(147,4,1,'2017-09-10 01:52:27','2017-09-10 01:52:27','Utama',0,0),(148,4,2,'2017-09-10 01:52:27','2017-09-10 01:52:27','Utama',0,0),(149,5,3,'2017-09-10 01:52:27','2017-09-10 01:52:27','MC1',0,0),(150,5,4,'2017-09-10 01:52:27','2017-09-10 01:52:27','MC1',0,0),(151,5,5,'2017-09-10 01:52:27','2017-09-10 01:52:27','MC1',0,0),(152,6,3,'2017-09-10 01:52:27','2017-09-10 01:52:27','MC1',0,0),(153,6,4,'2017-09-10 01:52:27','2017-09-10 01:52:27','MC1',0,0),(154,6,5,'2017-09-10 01:52:27','2017-09-10 01:52:27','MC1',0,0),(155,5,3,'2017-09-10 01:52:27','2017-09-10 01:52:27','MC2',0,0),(156,5,4,'2017-09-10 01:52:27','2017-09-10 01:52:27','MC2',0,0),(157,5,5,'2017-09-10 01:52:27','2017-09-10 01:52:27','MC2',0,0),(158,6,3,'2017-09-10 01:52:27','2017-09-10 01:52:27','MC2',0,0),(159,6,4,'2017-09-10 01:52:27','2017-09-10 01:52:27','MC2',0,0),(160,6,5,'2017-09-10 01:52:27','2017-09-10 01:52:27','MC2',0,0),(161,5,3,'2017-09-10 01:52:27','2017-09-10 01:52:27','MC3',0,0),(162,5,4,'2017-09-10 01:52:27','2017-09-10 01:52:27','MC3',0,0),(163,5,5,'2017-09-10 01:52:27','2017-09-10 01:52:27','MC3',0,0),(164,6,3,'2017-09-10 01:52:27','2017-09-10 01:52:27','MC3',0,0),(165,6,4,'2017-09-10 01:52:27','2017-09-10 01:52:27','MC3',0,0),(166,6,5,'2017-09-10 01:52:27','2017-09-10 01:52:27','MC3',0,0),(167,5,3,'2017-09-10 01:52:27','2017-09-10 01:52:27','MC4',0,0),(168,5,4,'2017-09-10 01:52:27','2017-09-10 01:52:27','MC4',0,0),(169,5,5,'2017-09-10 01:52:27','2017-09-10 01:52:27','MC4',0,0),(170,6,3,'2017-09-10 01:52:27','2017-09-10 01:52:27','MC4',0,0),(171,6,4,'2017-09-10 01:52:27','2017-09-10 01:52:27','MC4',0,0),(172,6,5,'2017-09-10 01:52:27','2017-09-10 01:52:27','MC4',0,0),(173,5,3,'2017-09-10 01:52:27','2017-09-10 01:52:27','MC5',0,0),(174,5,4,'2017-09-10 01:52:27','2017-09-10 01:52:27','MC5',0,0),(175,5,5,'2017-09-10 01:52:27','2017-09-10 01:52:27','MC5',0,0),(176,6,3,'2017-09-10 01:52:27','2017-09-10 01:52:27','MC5',0,0),(177,6,4,'2017-09-10 01:52:27','2017-09-10 01:52:27','MC5',0,0),(178,6,5,'2017-09-10 01:52:27','2017-09-10 01:52:27','MC5',0,0),(179,5,3,'2017-09-10 01:52:27','2017-09-10 01:52:27','MC6',0,0),(180,5,4,'2017-09-10 01:52:27','2017-09-10 01:52:27','MC6',0,0),(181,5,5,'2017-09-10 01:52:27','2017-09-10 01:52:27','MC6',0,0),(182,6,3,'2017-09-10 01:52:27','2017-09-10 01:52:27','MC6',0,0),(183,6,4,'2017-09-10 01:52:27','2017-09-10 01:52:27','MC6',0,0),(184,6,5,'2017-09-10 01:52:27','2017-09-10 01:52:27','MC6',0,0),(185,5,3,'2017-09-10 01:52:27','2017-09-10 01:52:27','MC7',0,0),(186,5,4,'2017-09-10 01:52:27','2017-09-10 01:52:27','MC7',0,0),(187,5,5,'2017-09-10 01:52:27','2017-09-10 01:52:27','MC7',0,0),(188,6,3,'2017-09-10 01:52:27','2017-09-10 01:52:27','MC7',0,0),(189,6,4,'2017-09-10 01:52:27','2017-09-10 01:52:27','MC7',0,0),(190,6,5,'2017-09-10 01:52:27','2017-09-10 01:52:27','MC7',0,0),(191,5,3,'2017-09-10 01:52:27','2017-09-10 01:52:27','MC8',0,0),(192,5,4,'2017-09-10 01:52:27','2017-09-10 01:52:27','MC8',0,0),(193,5,5,'2017-09-10 01:52:27','2017-09-10 01:52:27','MC8',0,0),(194,6,3,'2017-09-10 01:52:27','2017-09-10 01:52:27','MC8',0,0),(195,6,4,'2017-09-10 01:52:27','2017-09-10 01:52:27','MC8',0,0),(196,6,5,'2017-09-10 01:52:27','2017-09-10 01:52:27','MC8',0,0),(197,5,3,'2017-09-10 01:52:27','2017-09-10 01:52:27','MC9',0,0),(198,5,4,'2017-09-10 01:52:27','2017-09-10 01:52:27','MC9',0,0),(199,5,5,'2017-09-10 01:52:27','2017-09-10 01:52:27','MC9',0,0),(200,6,3,'2017-09-10 01:52:27','2017-09-10 01:52:27','MC9',0,0),(201,6,4,'2017-09-10 01:52:27','2017-09-10 01:52:27','MC9',0,0),(202,6,5,'2017-09-10 01:52:27','2017-09-10 01:52:27','MC9',0,0),(203,5,3,'2017-09-10 01:52:27','2017-09-10 01:52:27','MC10',0,0),(204,5,4,'2017-09-10 01:52:27','2017-09-10 01:52:27','MC10',0,0),(205,5,5,'2017-09-10 01:52:27','2017-09-10 01:52:27','MC10',0,0),(206,6,3,'2017-09-10 01:52:27','2017-09-10 01:52:27','MC10',0,0),(207,6,4,'2017-09-10 01:52:27','2017-09-10 01:52:27','MC10',0,0),(208,6,5,'2017-09-10 01:52:27','2017-09-10 01:52:27','MC10',0,0),(209,5,3,'2017-09-10 01:52:27','2017-09-10 01:52:27','MC11',0,0),(210,5,4,'2017-09-10 01:52:27','2017-09-10 01:52:27','MC11',0,0),(211,5,5,'2017-09-10 01:52:27','2017-09-10 01:52:27','MC11',0,0),(212,6,3,'2017-09-10 01:52:27','2017-09-10 01:52:27','MC11',0,0),(213,6,4,'2017-09-10 01:52:27','2017-09-10 01:52:27','MC11',0,0),(214,6,5,'2017-09-10 01:52:27','2017-09-10 01:52:27','MC11',0,0),(215,5,3,'2017-09-10 01:52:27','2017-09-10 01:52:27','MC12',0,0),(216,5,4,'2017-09-10 01:52:27','2017-09-10 01:52:27','MC12',0,0),(217,5,5,'2017-09-10 01:52:27','2017-09-10 01:52:27','MC12',0,0),(218,6,3,'2017-09-10 01:52:27','2017-09-10 01:52:27','MC12',0,0),(219,6,4,'2017-09-10 01:52:27','2017-09-10 01:52:27','MC12',0,0),(220,6,5,'2017-09-10 01:52:27','2017-09-10 01:52:27','MC12',0,0),(221,7,1,'2017-09-10 03:20:15','2017-09-10 05:12:41','Utama',1,1),(222,7,2,'2017-09-10 03:20:15','2017-09-10 04:51:56','Utama',1,1),(223,8,3,'2017-09-10 03:20:15','2017-09-14 12:37:39','MC1',1,1),(224,8,4,'2017-09-10 03:20:15','2017-09-14 12:07:13','MC1',1,1),(225,8,5,'2017-09-10 03:20:15','2017-09-14 12:07:15','MC1',1,1),(226,8,3,'2017-09-10 03:20:15','2017-09-10 03:20:15','MC2',0,0),(227,8,4,'2017-09-10 03:20:15','2017-09-10 03:20:15','MC2',0,0),(228,8,5,'2017-09-10 03:20:15','2017-09-10 03:20:15','MC2',0,0),(229,8,3,'2017-09-10 03:20:15','2017-09-10 03:20:15','MC3',0,0),(230,8,4,'2017-09-10 03:20:15','2017-09-10 03:20:15','MC3',0,0),(231,8,5,'2017-09-10 03:20:15','2017-09-10 03:20:15','MC3',0,0),(232,8,3,'2017-09-10 03:20:15','2017-09-10 03:20:15','MC4',0,0),(233,8,4,'2017-09-10 03:20:15','2017-09-10 03:20:15','MC4',0,0),(234,8,5,'2017-09-10 03:20:15','2017-09-10 03:20:15','MC4',0,0),(235,8,3,'2017-09-10 03:20:15','2017-09-10 03:20:15','MC5',0,0),(236,8,4,'2017-09-10 03:20:15','2017-09-10 03:20:15','MC5',0,0),(237,8,5,'2017-09-10 03:20:15','2017-09-10 03:20:15','MC5',0,0),(238,8,3,'2017-09-10 03:20:15','2017-09-10 03:20:15','MC6',0,0),(239,8,4,'2017-09-10 03:20:15','2017-09-10 03:20:15','MC6',0,0),(240,8,5,'2017-09-10 03:20:15','2017-09-10 03:20:15','MC6',0,0),(241,8,3,'2017-09-10 03:20:15','2017-09-10 03:20:15','MC7',0,0),(242,8,4,'2017-09-10 03:20:15','2017-09-10 03:20:15','MC7',0,0),(243,8,5,'2017-09-10 03:20:15','2017-09-10 03:20:15','MC7',0,0),(244,8,3,'2017-09-10 03:20:15','2017-09-10 03:20:15','MC8',0,0),(245,8,4,'2017-09-10 03:20:15','2017-09-10 03:20:15','MC8',0,0),(246,8,5,'2017-09-10 03:20:15','2017-09-10 03:20:15','MC8',0,0),(247,8,3,'2017-09-10 03:20:15','2017-09-10 03:20:15','MC9',0,0),(248,8,4,'2017-09-10 03:20:15','2017-09-10 03:20:15','MC9',0,0),(249,8,5,'2017-09-10 03:20:15','2017-09-10 03:20:15','MC9',0,0),(250,8,3,'2017-09-10 03:20:15','2017-09-10 03:20:15','MC10',0,0),(251,8,4,'2017-09-10 03:20:15','2017-09-10 03:20:15','MC10',0,0),(252,8,5,'2017-09-10 03:20:15','2017-09-10 03:20:15','MC10',0,0),(253,8,3,'2017-09-10 03:20:15','2017-09-10 03:20:15','MC11',0,0),(254,8,4,'2017-09-10 03:20:15','2017-09-10 03:20:15','MC11',0,0),(255,8,5,'2017-09-10 03:20:15','2017-09-10 03:20:15','MC11',0,0),(256,8,3,'2017-09-10 03:20:15','2017-09-10 03:20:15','MC12',0,0),(257,8,4,'2017-09-10 03:20:15','2017-09-10 03:20:15','MC12',0,0),(258,8,5,'2017-09-10 03:20:15','2017-09-10 03:20:15','MC12',0,0),(259,8,3,'2017-09-10 03:20:15','2017-09-10 03:20:15','MC13',0,0),(260,8,4,'2017-09-10 03:20:15','2017-09-10 03:20:15','MC13',0,0),(261,8,5,'2017-09-10 03:20:15','2017-09-10 03:20:15','MC13',0,0),(262,8,3,'2017-09-10 03:20:15','2017-09-10 03:20:15','MC14',0,0),(263,8,4,'2017-09-10 03:20:15','2017-09-10 03:20:15','MC14',0,0),(264,8,5,'2017-09-10 03:20:15','2017-09-10 03:20:15','MC14',0,0),(265,8,3,'2017-09-10 03:20:15','2017-09-10 03:20:15','MC15',0,0),(266,8,4,'2017-09-10 03:20:15','2017-09-10 03:20:15','MC15',0,0),(267,8,5,'2017-09-10 03:20:15','2017-09-10 03:20:15','MC15',0,0),(268,8,3,'2017-09-10 03:20:15','2017-09-10 03:20:15','MC16',0,0),(269,8,4,'2017-09-10 03:20:15','2017-09-10 03:20:15','MC16',0,0),(270,8,5,'2017-09-10 03:20:15','2017-09-10 03:20:15','MC16',0,0),(271,8,3,'2017-09-10 03:20:15','2017-09-10 03:20:15','MC17',0,0),(272,8,4,'2017-09-10 03:20:15','2017-09-10 03:20:15','MC17',0,0),(273,8,5,'2017-09-10 03:20:15','2017-09-10 03:20:15','MC17',0,0),(274,8,3,'2017-09-10 03:20:15','2017-09-10 03:20:15','MC18',0,0),(275,8,4,'2017-09-10 03:20:15','2017-09-10 03:20:15','MC18',0,0),(276,8,5,'2017-09-10 03:20:15','2017-09-10 03:20:15','MC18',0,0),(277,8,3,'2017-09-10 03:20:15','2017-09-10 03:20:15','MC19',0,0),(278,8,4,'2017-09-10 03:20:15','2017-09-10 03:20:15','MC19',0,0),(279,8,5,'2017-09-10 03:20:15','2017-09-10 03:20:15','MC19',0,0),(280,8,3,'2017-09-10 03:20:15','2017-09-10 03:20:15','MC20',0,0),(281,8,4,'2017-09-10 03:20:15','2017-09-10 03:20:15','MC20',0,0),(282,8,5,'2017-09-10 03:20:15','2017-09-10 03:20:15','MC20',0,0),(283,8,3,'2017-09-10 03:20:15','2017-09-10 03:20:15','MC21',0,0),(284,8,4,'2017-09-10 03:20:15','2017-09-10 03:20:15','MC21',0,0),(285,8,5,'2017-09-10 03:20:15','2017-09-10 03:20:15','MC21',0,0),(286,8,3,'2017-09-10 03:20:15','2017-09-10 03:20:15','MC22',0,0),(287,8,4,'2017-09-10 03:20:15','2017-09-10 03:20:15','MC22',0,0),(288,8,5,'2017-09-10 03:20:15','2017-09-10 03:20:15','MC22',0,0),(289,8,3,'2017-09-10 03:20:15','2017-09-10 03:20:15','MC23',0,0),(290,8,4,'2017-09-10 03:20:15','2017-09-10 03:20:15','MC23',0,0),(291,8,5,'2017-09-10 03:20:15','2017-09-10 03:20:15','MC23',0,0),(292,8,3,'2017-09-10 03:20:15','2017-09-10 03:20:15','MC24',0,0),(293,8,4,'2017-09-10 03:20:15','2017-09-10 03:20:15','MC24',0,0),(294,8,5,'2017-09-10 03:20:15','2017-09-10 03:20:15','MC24',0,0),(295,8,3,'2017-09-10 03:20:15','2017-09-10 03:20:15','MC25',0,0),(296,8,4,'2017-09-10 03:20:15','2017-09-10 03:20:15','MC25',0,0),(297,8,5,'2017-09-10 03:20:15','2017-09-10 03:20:15','MC25',0,0),(298,8,3,'2017-09-10 03:20:15','2017-09-10 03:20:15','MC26',0,0),(299,8,4,'2017-09-10 03:20:15','2017-09-10 03:20:15','MC26',0,0),(300,8,5,'2017-09-10 03:20:15','2017-09-10 03:20:15','MC26',0,0),(301,8,3,'2017-09-10 03:20:15','2017-09-10 03:20:15','MC27',0,0),(302,8,4,'2017-09-10 03:20:15','2017-09-10 03:20:15','MC27',0,0),(303,8,5,'2017-09-10 03:20:15','2017-09-10 03:20:15','MC27',0,0),(304,8,3,'2017-09-10 03:20:15','2017-09-10 03:20:15','MC28',0,0),(305,8,4,'2017-09-10 03:20:15','2017-09-10 03:20:15','MC28',0,0),(306,8,5,'2017-09-10 03:20:15','2017-09-10 03:20:15','MC28',0,0),(307,8,3,'2017-09-10 03:20:15','2017-09-10 03:20:15','MC29',0,0),(308,8,4,'2017-09-10 03:20:15','2017-09-10 03:20:15','MC29',0,0),(309,8,5,'2017-09-10 03:20:15','2017-09-10 03:20:15','MC29',0,0),(310,8,3,'2017-09-10 03:20:15','2017-09-10 03:20:15','MC30',0,0),(311,8,4,'2017-09-10 03:20:15','2017-09-10 03:20:15','MC30',0,0),(312,8,5,'2017-09-10 03:20:15','2017-09-10 03:20:15','MC30',0,0),(313,8,3,'2017-09-10 03:20:15','2017-09-10 03:20:15','MC31',0,0),(314,8,4,'2017-09-10 03:20:15','2017-09-10 03:20:15','MC31',0,0),(315,8,5,'2017-09-10 03:20:15','2017-09-10 03:20:15','MC31',0,0),(316,8,3,'2017-09-10 03:20:15','2017-09-10 03:20:15','MC32',0,0),(317,8,4,'2017-09-10 03:20:15','2017-09-10 03:20:15','MC32',0,0),(318,8,5,'2017-09-10 03:20:15','2017-09-10 03:20:15','MC32',0,0),(319,8,3,'2017-09-10 03:20:15','2017-09-10 03:20:15','MC33',0,0),(320,8,4,'2017-09-10 03:20:15','2017-09-10 03:20:15','MC33',0,0),(321,8,5,'2017-09-10 03:20:15','2017-09-10 03:20:15','MC33',0,0),(322,8,3,'2017-09-10 03:20:15','2017-09-10 03:20:15','MC34',0,0),(323,8,4,'2017-09-10 03:20:15','2017-09-10 03:20:15','MC34',0,0),(324,8,5,'2017-09-10 03:20:15','2017-09-10 03:20:15','MC34',0,0),(325,8,3,'2017-09-10 03:20:15','2017-09-10 03:20:15','MC35',0,0),(326,8,4,'2017-09-10 03:20:15','2017-09-10 03:20:15','MC35',0,0),(327,8,5,'2017-09-10 03:20:15','2017-09-10 03:20:15','MC35',0,0),(328,8,3,'2017-09-10 03:20:15','2017-09-10 03:20:15','MC36',0,0),(329,8,4,'2017-09-10 03:20:15','2017-09-10 03:20:15','MC36',0,0),(330,8,5,'2017-09-10 03:20:15','2017-09-10 03:20:15','MC36',0,0);
/*!40000 ALTER TABLE `report` ENABLE KEYS */;
UNLOCK TABLES;

--
-- Table structure for table `reportparam`
--

DROP TABLE IF EXISTS `reportparam`;
/*!40101 SET @saved_cs_client     = @@character_set_client */;
/*!40101 SET character_set_client = utf8 */;
CREATE TABLE `reportparam` (
  `id` int(11) NOT NULL AUTO_INCREMENT,
  `title` varchar(255) NOT NULL,
  `reporttype_id` int(11) NOT NULL,
  `created_at` timestamp NOT NULL DEFAULT current_timestamp(),
  `updated_at` timestamp NOT NULL DEFAULT current_timestamp() ON UPDATE current_timestamp(),
  PRIMARY KEY (`id`),
  KEY `reportparam_reporttype` (`reporttype_id`),
  CONSTRAINT `reportparam_reporttype` FOREIGN KEY (`reporttype_id`) REFERENCES `reporttype` (`id`)
) ENGINE=InnoDB AUTO_INCREMENT=6 DEFAULT CHARSET=latin1;
/*!40101 SET character_set_client = @saved_cs_client */;

--
-- Dumping data for table `reportparam`
--

LOCK TABLES `reportparam` WRITE;
/*!40000 ALTER TABLE `reportparam` DISABLE KEYS */;
INSERT INTO `reportparam` VALUES (1,'Kontrak',1,'2017-09-09 20:29:24','2017-09-09 20:29:24'),(2,'Justek',1,'2017-09-09 20:29:37','2017-09-09 20:29:37'),(3,'Quality',2,'2017-09-09 20:29:44','2017-09-09 20:29:44'),(4,'Quantity',2,'2017-09-09 20:29:50','2017-09-09 20:29:50'),(5,'Lap. Harian',2,'2017-09-09 20:29:58','2017-09-09 20:29:58');
/*!40000 ALTER TABLE `reportparam` ENABLE KEYS */;
UNLOCK TABLES;

--
-- Table structure for table `reporttype`
--

DROP TABLE IF EXISTS `reporttype`;
/*!40101 SET @saved_cs_client     = @@character_set_client */;
/*!40101 SET character_set_client = utf8 */;
CREATE TABLE `reporttype` (
  `id` int(11) NOT NULL AUTO_INCREMENT,
  `title` varchar(255) NOT NULL,
  `description` text NOT NULL,
  `created_at` timestamp NOT NULL DEFAULT current_timestamp(),
  `updated_at` timestamp NOT NULL DEFAULT current_timestamp() ON UPDATE current_timestamp(),
  PRIMARY KEY (`id`)
) ENGINE=InnoDB AUTO_INCREMENT=3 DEFAULT CHARSET=latin1;
/*!40101 SET character_set_client = @saved_cs_client */;

--
-- Dumping data for table `reporttype`
--

LOCK TABLES `reporttype` WRITE;
/*!40000 ALTER TABLE `reporttype` DISABLE KEYS */;
INSERT INTO `reporttype` VALUES (1,'Utama','Tipe ini digunakan untuk Laporan Utama','2017-09-04 14:13:55','2017-09-04 14:13:55'),(2,'MC','Tipe ini digunakan untuk Laporan Bulanan','2017-09-04 14:14:05','2017-09-04 14:14:05');
/*!40000 ALTER TABLE `reporttype` ENABLE KEYS */;
UNLOCK TABLES;

--
-- Table structure for table `subpaket`
--

DROP TABLE IF EXISTS `subpaket`;
/*!40101 SET @saved_cs_client     = @@character_set_client */;
/*!40101 SET character_set_client = utf8 */;
CREATE TABLE `subpaket` (
  `id` int(11) NOT NULL AUTO_INCREMENT,
  `title` text NOT NULL,
  `paket_id` int(11) NOT NULL,
  `reporttype_id` int(11) NOT NULL,
  `created_at` timestamp NOT NULL DEFAULT current_timestamp(),
  `updated_at` timestamp NOT NULL DEFAULT current_timestamp() ON UPDATE current_timestamp(),
  PRIMARY KEY (`id`),
  KEY `subpaket_reporttype` (`reporttype_id`),
  KEY `subpaket_paket` (`paket_id`),
  CONSTRAINT `subpaket_paket` FOREIGN KEY (`paket_id`) REFERENCES `paket` (`id`),
  CONSTRAINT `subpaket_reporttype` FOREIGN KEY (`reporttype_id`) REFERENCES `reporttype` (`id`)
) ENGINE=InnoDB AUTO_INCREMENT=9 DEFAULT CHARSET=latin1;
/*!40101 SET character_set_client = @saved_cs_client */;

--
-- Dumping data for table `subpaket`
--

LOCK TABLES `subpaket` WRITE;
/*!40000 ALTER TABLE `subpaket` DISABLE KEYS */;
INSERT INTO `subpaket` VALUES (1,'Prereservasi Rehabilitasi Jalan SP.Ujung Aji - Kabanjahe - Panji',1,1,'2017-09-10 01:50:15','2017-09-10 01:50:15'),(2,'Pemeliharaan rutin jalan',1,2,'2017-09-10 01:50:15','2017-09-10 01:50:15'),(3,'Pemeliharaan rutin kondisi jalan',1,2,'2017-09-10 01:50:15','2017-09-10 01:50:15'),(4,'Preservasi Rehabilitasi Jalan Sei Mangke - Kuala Tanjung',2,1,'2017-09-10 01:52:27','2017-09-10 01:52:27'),(5,'Rehabilitasi jalan',2,2,'2017-09-10 01:52:27','2017-09-10 01:52:27'),(6,'Pemeliharaan rutin jembatan',2,2,'2017-09-10 01:52:27','2017-09-10 01:52:27'),(7,'Preservasi Rehabilitasi Jalan Kisaran - Tanjung Balai - BTS. Kota Rantau Prapat',3,1,'2017-09-10 03:20:15','2017-09-10 03:20:15'),(8,'Preservasi Rehabilitasi Jalan Kisaran - Tanjung Balai - BTS. Kota Rantau Prapat',3,2,'2017-09-10 03:20:15','2017-09-10 03:20:15');
/*!40000 ALTER TABLE `subpaket` ENABLE KEYS */;
UNLOCK TABLES;
/*!40103 SET TIME_ZONE=@OLD_TIME_ZONE */;

/*!40101 SET SQL_MODE=@OLD_SQL_MODE */;
/*!40014 SET FOREIGN_KEY_CHECKS=@OLD_FOREIGN_KEY_CHECKS */;
/*!40014 SET UNIQUE_CHECKS=@OLD_UNIQUE_CHECKS */;
/*!40101 SET CHARACTER_SET_CLIENT=@OLD_CHARACTER_SET_CLIENT */;
/*!40101 SET CHARACTER_SET_RESULTS=@OLD_CHARACTER_SET_RESULTS */;
/*!40101 SET COLLATION_CONNECTION=@OLD_COLLATION_CONNECTION */;
/*!40111 SET SQL_NOTES=@OLD_SQL_NOTES */;

-- Dump completed on 2017-09-14 20:52:37
